t_s,theta_deg
0.0,-0.9086060010429087
0.03333333333333333,-0.8862145990165623
0.06666666666666667,-0.89991760102233
0.1,-0.895014614366421
0.13333333333333333,-0.8955485602291107
0.16666666666666666,-0.8855594005008145
0.2,-0.8950669101669803
0.23333333333333334,-0.8958545593833988
0.26666666666666666,-0.8940372264782628
0.3,-0.8891232954893187
0.3333333333333333,-0.8881584249618928
0.36666666666666664,-0.8900580405601629
0.4,-0.8833764791263127
0.43333333333333335,-0.8864858608358472
0.4666666666666667,-0.8868124230743684
0.5,-0.8881739824280608
0.5333333333333333,-0.8882341650966479
0.5666666666666667,-0.8858432177911275
0.6,-0.8887009257512674
0.6333333333333333,-0.8814795316752269
0.6666666666666666,-0.877093442298389
0.7,-0.8742286538522781
0.7333333333333333,-0.8718443443609671
0.7666666666666667,-0.8738028245571472
0.8,-0.8802221831107896
0.8333333333333334,-0.8856843648567466
0.8666666666666667,-0.8912456207286884
0.9,-0.8927613743053833
0.9333333333333333,-0.898575350256012
0.9666666666666667,-0.8921020869395693
1.0,-0.8920433182363836
1.0333333333333334,-0.8934591302570641
1.0666666666666667,-0.897091454122075
1.1,-0.8924872982838112
1.1333333333333333,-0.8962384642657539
1.1666666666666667,-0.8947157517327803
1.2,-0.8968843207339183
1.2333333333333334,-0.8893081779840001
1.2666666666666666,-0.8866246893686306
1.3,-0.8871726695571273
1.3333333333333333,-0.8941778863157754
1.3666666666666667,-0.888035645479239
1.4,-0.8882250988408494
1.4333333333333333,-0.8841125564923803
1.4666666666666666,-0.8848620377661354
1.5,-0.8839762312945577
1.5333333333333334,-0.8868943334829305
1.5666666666666667,-0.8861007770266569
1.6,-0.8868098586677234
1.6333333333333333,-0.8792358880016967
1.6666666666666667,-0.8786704380833553
1.7,-0.8790410378079364
1.7333333333333334,-0.8803588587427164
1.7666666666666666,-0.8843155236885609
1.8,-0.8834544169244982
1.8333333333333333,-0.8851487815285805
1.8666666666666667,-0.8920035635357005
1.9,-0.8858885646075192
1.9333333333333333,-0.8848666682970114
1.9666666666666666,-0.8884933115439587
2.0,-0.8906592069114836
2.033333333333333,-0.8843539647162791
2.066666666666667,-0.8810971837603654
2.1,-0.8868428323994896
2.1333333333333333,-0.8800576319420479
2.1666666666666665,-0.876596631567322
2.2,-0.8765298996091152
2.2333333333333334,-0.877503246093695
2.2666666666666666,-0.8815986296005032
2.3,-0.8775500784072512
2.3333333333333335,-0.8798570290847959
2.3666666666666667,-0.878141652324408
2.4,-0.8796391031600885
2.433333333333333,-0.878275240560405
2.466666666666667,-0.8766417257788722
2.5,-0.8815979869898638
2.533333333333333,-0.8783259954978109
2.566666666666667,-0.8759575027351609
2.6,-0.8781309894183013
2.6333333333333333,-0.8772726043497259
2.6666666666666665,-0.8766640018954601
2.7,-0.8857989417951883
2.7333333333333334,-0.8902526710605503
2.7666666666666666,-0.8893953066122683
2.8,-0.9013890414332617
2.8333333333333335,-0.8963130220063049
2.8666666666666667,-0.8963125687996694
2.9,-0.8946714044536743
2.933333333333333,-0.8973842177050327
2.966666666666667,-0.8947541884779461
3.0,-0.8973588105622482
3.033333333333333,-0.8969779465375256
3.066666666666667,-0.8919794203451991
3.1,-0.8862519712747444
3.1333333333333333,-0.8849921583500983
3.1666666666666665,-0.8844421660742444
3.2,-0.8886924000896097
3.2333333333333334,-0.8890218168966418
3.2666666666666666,-0.8934434025071768
3.3,-0.8904360266246957
3.3333333333333335,-0.8942203616109471
3.3666666666666667,-0.8928790324753988
3.4,-0.8902103124008414
3.433333333333333,-0.8891245036578513
3.466666666666667,-0.8900633104763077
3.5,-0.8845462109373388
3.533333333333333,-0.8856130526075098
3.566666666666667,-0.886959734516242
3.6,-0.8872453323653056
3.6333333333333333,-0.8879386994586979
3.6666666666666665,-0.8886527346916837
3.7,-0.8879655635281144
3.7333333333333334,-0.888979772671504
3.7666666666666666,-0.8861005865756344
3.8,-0.8859813368778144
3.8333333333333335,-0.8888850453581475
3.8666666666666667,-0.8911665231930791
3.9,-0.887242283662364
3.933333333333333,-0.8893341348388103
3.966666666666667,-0.8889789684884405
4.0,-0.8938463269787241
4.033333333333333,-0.89271009452658
4.066666666666666,-0.8911667617459539
4.1,-0.888923010773568
4.133333333333334,-0.8847120710528462
4.166666666666667,-0.8836214463249037
4.2,-0.8833785980549345
4.233333333333333,-0.8836514535490623
4.266666666666667,-0.8833103995526741
4.3,-0.8849166432418516
4.333333333333333,-0.8850313731450367
4.366666666666666,-0.8856150808423213
4.4,-0.8870488074732447
4.433333333333334,-0.8815869318305454
4.466666666666667,-0.884345534913729
4.5,-0.8858043609880322
4.533333333333333,-0.8857210206174151
4.566666666666666,-0.8893256554768779
4.6,-0.8886120041892537
4.633333333333334,-0.8917998562537572
4.666666666666667,-0.8971054032051362
4.7,-0.8925422638800294
4.733333333333333,-0.8929555479368473
4.766666666666667,-0.8928502909161773
4.8,-0.8928050249583455
4.833333333333333,-0.8930012981685225
4.866666666666666,-0.8922990897126113
4.9,-0.8898307407288697
4.933333333333334,-0.8866346691266013
4.966666666666667,-0.8829006506800218
5.0,-0.8825378859261865
5.033333333333333,-0.8798390744993375
5.066666666666666,-0.8817965369571271
5.1,-0.8802722420706388
5.133333333333334,-0.8826606837537291
5.166666666666667,-0.8824077841390905
5.2,-0.8827209908343502
5.233333333333333,-0.8824545859215903
5.266666666666667,-0.885968109234496
5.3,-0.8833963700658307
5.333333333333333,-0.8834145633794342
5.366666666666666,-0.8832155794081711
5.4,-0.8822195763475809
5.433333333333334,-0.8841385486995369
5.466666666666667,-0.8859913527271321
5.5,-0.8941298812496966
5.533333333333333,-0.8943799896540409
5.566666666666666,-0.8918517882579253
5.6,-0.90279836694145
5.633333333333334,-0.8983601752687402
5.666666666666667,-0.8979221841969
5.7,-0.8958408634597232
5.733333333333333,-0.8993266355899463
5.766666666666667,-0.8977041837989308
5.8,-0.898623268654864
5.833333333333333,-0.8963545566653578
5.866666666666666,-0.903882317247638
5.9,-0.9024633516171373
5.933333333333334,-0.9054008255826868
5.966666666666667,-0.9047602083649925
6.0,-0.9046792874524391
6.033333333333333,-0.9002604965635757
6.066666666666666,-0.9020937129562885
6.1,-0.89751822450708
6.133333333333334,-0.9003248432684453
6.166666666666667,-0.8978404221562096
6.2,-0.8982601658965758
6.233333333333333,-0.8988627129381654
6.266666666666667,-0.8960013115874362
6.3,-0.8899902518079114
6.333333333333333,-0.8906443730803301
6.366666666666666,-0.8853511825797116
6.4,-0.8823214653797459
6.433333333333334,-0.8855490754091834
6.466666666666667,-0.8907884256615676
6.5,-0.8874376125893838
6.533333333333333,-0.8919559467354045
6.566666666666666,-0.8898021332800564
6.6,-0.893671257291993
6.633333333333334,-0.8936772213445452
6.666666666666667,-0.8948690664948925
6.7,-0.8921991346221618
6.733333333333333,-0.8941904983246578
6.766666666666667,-0.89296207001136
6.8,-0.8943593749534806
6.833333333333333,-0.8939573319123477
6.866666666666666,-0.8912251395755784
6.9,-0.8921167778198176
6.933333333333334,-0.8924542501310676
6.966666666666667,-0.8936348843804207
7.0,-0.8912828551829808
7.033333333333333,-0.8925873250836724
7.066666666666666,-0.8930515811907399
7.1,-0.8965660788862758
7.133333333333334,-0.8968998364936698
7.166666666666667,-0.8992244238720054
7.2,-0.8983759746483849
7.233333333333333,-0.8985636824888935
7.266666666666667,-0.9026224272860158
7.3,-0.9003211332262954
7.333333333333333,-0.8945437997096333
7.366666666666666,-0.9022374004968855
7.4,-0.906439515839338
7.433333333333334,-0.9039500765774717
7.466666666666667,-0.8949034045582368
7.5,-0.894974934100144
7.533333333333333,-0.891917782272157
7.566666666666666,-0.8953676560943759
7.6,-0.9009413011395652
7.633333333333334,-0.8976061582486548
7.666666666666667,-0.8911466885041142
7.7,-0.8935885228731468
7.733333333333333,-0.8983271724193435
7.766666666666667,-0.8938838271283939
7.8,-0.8929639678994721
7.833333333333333,-0.8943760960704223
7.866666666666666,-0.8979436456847628
7.9,-0.8941679981743997
7.933333333333334,-0.8881750873855829
7.966666666666667,-0.8865561656727221
8.0,-0.891121812013168
8.033333333333333,-0.8858949150464593
8.066666666666666,-0.8863648888531483
8.1,-0.8884053857792057
8.133333333333333,-0.8898327075198172
8.166666666666666,-0.8901711058296665
8.2,-0.888568466947203
8.233333333333333,-0.8889012023328146
8.266666666666667,-0.8912545565430369
8.3,-0.8987098745601
8.333333333333334,-0.8949868011490825
8.366666666666667,-0.8866389675630606
8.4,-0.8879209670059186
8.433333333333334,-0.8887334849174886
8.466666666666667,-0.8890121045933133
8.5,-0.888655688737055
8.533333333333333,-0.8877339554102998
8.566666666666666,-0.8892370035866263
8.6,-0.8908098258074233
8.633333333333333,-0.8904121258514842
8.666666666666666,-0.8880034008513491
8.7,-0.8870572016050731
8.733333333333333,-0.8907079576468866
8.766666666666667,-0.8884918946130637
8.8,-0.8911567513661377
8.833333333333334,-0.8916122202324287
8.866666666666667,-0.8970641700387939
8.9,-0.8932463838911427
8.933333333333334,-0.8910479084477018
8.966666666666667,-0.8864078516009922
9.0,-0.886525151220737
9.033333333333333,-0.8904422913029905
9.066666666666666,-0.8837343353247638
9.1,-0.8803840951137606
9.133333333333333,-0.8823890633008156
9.166666666666666,-0.8846616380107237
9.2,-0.8843110299343575
9.233333333333333,-0.8892296546873442
9.266666666666667,-0.8955337026480659
9.3,-0.8982998943414013
9.333333333333334,-0.8988537956149273
9.366666666666667,-0.8962935295410901
9.4,-0.8956136356493126
9.433333333333334,-0.8905569875123981
9.466666666666667,-0.8923437906209899
9.5,-0.8928978864281747
9.533333333333333,-0.8907914760066279
9.566666666666666,-0.89230008858569
9.6,-0.8943473190735398
9.633333333333333,-0.8915951892784562
9.666666666666666,-0.8925069746396982
9.7,-0.8916004261335978
9.733333333333333,-0.8886367918138718
9.766666666666667,-0.8863058274215466
9.8,-0.884058161504004
9.833333333333334,-0.8848127637459096
9.866666666666667,-0.8827162337172025
9.9,-0.886211266774449
9.933333333333334,-0.8926265008406802
9.966666666666667,-0.891837943624181
10.0,-0.8978854721333956
10.033333333333333,-0.9004176084678137
10.066666666666666,-0.9021568444498527
10.1,-0.9008257245011682
10.133333333333333,-0.9038163156035293
10.166666666666666,-0.9149012621820432
10.2,-0.9449596442635652
10.233333333333333,-0.9674070023234841
10.266666666666667,-1.0186216805714388
10.3,-1.0533767883031824
10.333333333333334,-1.16919906983538
10.366666666666667,-1.256737467559945
10.4,-1.301685154325588
10.433333333333334,-1.4272108593758364
10.466666666666667,-1.476610461353274
10.5,-1.5114089948220744
10.533333333333333,-1.5310466331406818
10.566666666666666,-1.5461997592589756
10.6,-1.5692908578677038
10.633333333333333,-1.587835131850857
10.666666666666666,-1.6458685928916779
10.7,-1.8008490173473337
10.733333333333333,-1.9565429748943477
10.766666666666667,-2.049473267047567
10.8,-2.0652802212860464
10.833333333333334,-2.066997560335572
10.866666666666667,-2.0669496407124464
10.9,-2.0848389407246612
10.933333333333334,-2.154462997459046
10.966666666666667,-2.2252653558192628
11.0,-2.3182067074860626
11.033333333333333,-2.395844941189689
11.066666666666666,-2.441332902373035
11.1,-2.538577958529916
11.133333333333333,-2.620828098132961
11.166666666666666,-2.689977783869151
11.2,-2.779441772082865
11.233333333333333,-2.914349821913879
11.266666666666667,-3.0171010087759944
11.3,-3.0810008199234895
11.333333333333334,-3.1150883359782764
11.366666666666667,-3.115739529421845
11.4,-3.1335631942753133
11.433333333333334,-3.1805763092417756
11.466666666666667,-3.2576294060606643
11.5,-3.3630818672642935
11.533333333333333,-3.540710714242868
11.566666666666666,-3.6444320749263523
11.6,-3.699296242096574
11.633333333333333,-3.918471308857195
11.666666666666666,-3.9590967691294754
11.7,-4.017299563478784
11.733333333333333,-4.088431645572924
11.766666666666667,-4.137901523573163
11.8,-4.174315157267761
11.833333333333334,-4.239355548389629
11.866666666666667,-4.301859343701212
11.9,-4.40110593384341
11.933333333333334,-4.677240986840642
11.966666666666667,-4.814110857210547
12.0,-4.882094535159091
12.033333333333333,-4.910112752988513
12.066666666666666,-4.920151722094796
12.1,-4.937491052537274
12.133333333333333,-4.959698695827311
12.166666666666666,-5.049797883574607
12.2,-5.074809299608285
12.233333333333333,-5.263847959204888
12.266666666666667,-5.30397034615235
12.3,-5.348522798711769
12.333333333333334,-5.425375770135889
12.366666666666667,-5.496459273137781
12.4,-5.501900399090791
12.433333333333334,-5.500296259887162
12.466666666666667,-5.501953955471472
12.5,-5.504659570803603
12.533333333333333,-5.66739306471461
12.566666666666666,-5.697649429853284
12.6,-5.7691674931480845
12.633333333333333,-5.903366800043359
12.666666666666666,-6.000026962959064
12.7,-6.079629564818676
12.733333333333333,-6.115726113031974
12.766666666666667,-6.110823114743442
12.8,-6.114110966872312
12.833333333333334,-6.119063869757005
12.866666666666667,-6.116491351950602
12.9,-6.1164385844702425
12.933333333333334,-6.11662887112467
12.966666666666667,-6.119650542587158
13.0,-6.119174241370753
13.033333333333333,-6.123877872684862
13.066666666666666,-6.127761076010451
13.1,-6.126028925254637
13.133333333333333,-6.1254698727667405
13.166666666666666,-6.127956078316597
13.2,-6.135583708042501
13.233333333333333,-6.130351511738821
13.266666666666667,-6.125060532824248
13.3,-6.1231633617211205
13.333333333333334,-6.125167958132133
13.366666666666667,-6.127796694208275
13.4,-6.1269906857424425
13.433333333333334,-6.110562101105471
13.466666666666667,-6.044053852892128
13.5,-5.995119553267184
13.533333333333333,-5.902894986247839
13.566666666666666,-5.729380073952858
13.6,-5.653747039253325
13.633333333333333,-5.441959143489746
13.666666666666666,-5.446178778190891
13.7,-5.34540607732519
13.733333333333333,-5.225327614958451
13.766666666666667,-5.086888213835653
13.8,-4.932018526057313
13.833333333333334,-4.850692350774542
13.866666666666667,-4.682654241440531
13.9,-4.3981925242235
13.933333333333334,-4.2632410121812745
13.966666666666667,-4.122886844630216
14.0,-3.918708523652316
14.033333333333333,-3.7080823780376955
14.066666666666666,-3.5943946824010395
14.1,-3.3871546995394186
14.133333333333333,-3.2300471464074842
14.166666666666666,-3.035662181165897
14.2,-2.749343077915133
14.233333333333333,-2.5944520227654717
14.266666666666667,-2.3790326930058687
14.3,-2.222036684258505
14.333333333333334,-2.0576455033590073
14.366666666666667,-1.7421355224884028
14.4,-1.5214892735818115
14.433333333333334,-1.3193929523957195
14.466666666666667,-1.120988003094256
14.5,-0.9882305275153624
14.533333333333333,-0.818484392630448
14.566666666666666,-0.6075026826978491
14.6,-0.42249751693710047
14.633333333333333,-0.10640431460185612
14.666666666666666,0.1239962108315793
14.7,0.3990852431252541
14.733333333333333,0.6514888667304697
14.766666666666667,0.9298181869092162
14.8,1.1158265381198487
14.833333333333334,1.2804644480650365
14.866666666666667,1.4036108306803339
14.9,1.529026794012219
14.933333333333334,1.6718075153935097
14.966666666666667,1.8950603789375156
15.0,2.110743799183916
15.033333333333333,2.2836664681610155
15.066666666666666,2.4264763127629534
15.1,2.628119810105318
15.133333333333333,2.903930188762117
15.166666666666666,3.102448800698186
15.2,3.267533081327417
15.233333333333333,3.3674857226942394
15.266666666666667,3.388193743888227
15.3,3.5094346028172247
15.333333333333334,3.584723342615306
15.366666666666667,3.678018776693309
15.4,3.805708000535161
15.433333333333334,4.0433346349592
15.466666666666667,4.134963441977677
15.5,4.236009792752392
15.533333333333333,4.303889860319504
15.566666666666666,4.309334511309277
15.6,4.358925260410239
15.633333333333333,4.357076970167964
15.666666666666666,4.362945097087345
15.7,4.361859557170316
15.733333333333333,4.362832864921503
15.766666666666667,4.358011833490229
15.8,4.361191838472301
15.833333333333334,4.356803335508954
15.866666666666667,4.358174518569324
15.9,4.349843403978531
15.933333333333334,4.331708369643936
15.966666666666667,4.3158100186614
16.0,4.28847235526374
16.033333333333335,4.164127996442729
16.066666666666666,4.024308961480566
16.1,3.729474518672017
16.133333333333333,3.5583793367965204
16.166666666666668,3.3560526332976
16.2,3.212416876740307
16.233333333333334,2.980622711005926
16.266666666666666,2.6477987846839985
16.3,2.482028697182971
16.333333333333332,2.3002592421071815
16.366666666666667,2.063585267254926
16.4,1.83798587557586
16.433333333333334,1.5140412392776679
16.466666666666665,1.2415049874951334
16.5,0.9605875610108853
16.533333333333335,0.650620371188103
16.566666666666666,0.38486859530199996
16.6,0.12270674554228153
16.633333333333333,-0.11670804554297685
16.666666666666668,-0.42095526600079797
16.7,-0.7400609870989818
16.733333333333334,-1.1439896485193126
16.766666666666666,-1.5625065963935347
16.8,-2.0490997532102693
16.833333333333332,-2.3391495664351782
16.866666666666667,-2.577017062744435
16.9,-2.665528383768984
16.933333333333334,-2.773157974327606
16.966666666666665,-3.09727138151675
17.0,-3.4052739840658566
17.033333333333335,-3.736586194873391
17.066666666666666,-4.1536065558362205
17.1,-4.372109221343972
17.133333333333333,-4.728171147427899
17.166666666666668,-4.929392504409088
17.2,-5.073642661308143
17.233333333333334,-5.218617678130064
17.266666666666666,-5.346983453720112
17.3,-5.4789415824311645
17.333333333333332,-5.6964948474717065
17.366666666666667,-5.910699501983044
17.4,-6.010593321531578
17.433333333333334,-6.075249503905719
17.466666666666665,-6.136551981817979
17.5,-6.152313266601501
17.533333333333335,-6.167979398185748
17.566666666666666,-6.167961815796745
17.6,-6.166121377046371
17.633333333333333,-6.1752718793976
17.666666666666668,-6.176851209499248
17.7,-6.173279626066514
17.733333333333334,-6.178201524050689
17.766666666666666,-6.1564307684079935
17.8,-6.09918426985935
17.833333333333332,-6.002041931043723
17.866666666666667,-5.7821016300019075
17.9,-5.491672892584025
17.933333333333334,-5.229276907074327
17.966666666666665,-4.925242979095054
18.0,-4.470295661019231
18.033333333333335,-4.232284148215833
18.066666666666666,-3.8921835143040187
18.1,-3.7416974884651792
18.133333333333333,-3.2751711519776703
18.166666666666668,-2.9888807566702447
18.2,-2.6003643319057264
18.233333333333334,-2.162973642030928
18.266666666666666,-1.677114605440854
18.3,-1.3279698624095684
18.333333333333332,-1.0259029890802447
18.366666666666667,-0.7367227722886037
18.4,-0.47738566735667826
18.433333333333334,-0.11316613384543556
18.466666666666665,0.28872372016877035
18.5,0.7680548657143018
18.533333333333335,1.2353732082562776
18.566666666666666,1.5931106280197584
18.6,1.90664515823466
18.633333333333333,2.1410942541234226
18.666666666666668,2.2992825064074984
18.7,2.4467463908460996
18.733333333333334,2.6709923420561665
18.766666666666666,3.1115048585305933
18.8,3.34720921477422
18.833333333333332,3.587924744516189
18.866666666666667,3.805578526826689
18.9,4.069037750976128
18.933333333333334,4.144612659779952
18.966666666666665,4.256277458957629
19.0,4.284630620828237
19.033333333333335,4.325456091472389
19.066666666666666,4.459577361625308
19.1,4.471652100411472
19.133333333333333,4.464742231879387
19.166666666666668,4.465435472880364
19.2,4.470337859636982
19.233333333333334,4.459354699842139
19.266666666666666,4.321482481254044
19.3,4.312103845351029
19.333333333333332,4.139408733431949
19.366666666666667,3.750958934202384
19.4,3.5093881283760906
19.433333333333334,3.221248512704807
19.466666666666665,2.742746717691576
19.5,2.449782799601968
19.533333333333335,2.120155870926142
19.566666666666666,1.7980251160653942
19.6,1.3948295347900015
19.633333333333333,1.0037459027010969
19.666666666666668,0.5450816929189273
19.7,0.10652193145021556
19.733333333333334,-0.3616243029376457
19.766666666666666,-0.6992103081469021
19.8,-1.1439510371126818
19.833333333333332,-1.6513132069497318
19.866666666666667,-2.244733651024816
19.9,-2.7089654880501
19.933333333333334,-3.0766585664759276
19.966666666666665,-3.3099503820156304
20.0,-3.62025530397597
20.033333333333335,-3.85836569937154
20.066666666666666,-4.264780893830327
20.1,-4.736892106797939
20.133333333333333,-5.117936965157522
20.166666666666668,-5.394681217465291
20.2,-5.65563631020045
20.233333333333334,-5.806186837710539
20.266666666666666,-5.914153523183768
20.3,-6.012881860942743
20.333333333333332,-6.111421904092059
20.366666666666667,-6.1776803120026
20.4,-6.214940978576729
20.433333333333334,-6.210959908131311
20.466666666666665,-6.208163391589986
20.5,-6.202021066465872
20.533333333333335,-6.193977024082
20.566666666666666,-6.1557173446374955
20.6,-6.05683708536551
20.633333333333333,-5.893764028128932
20.666666666666668,-5.388989712175796
20.7,-5.150453469123283
20.733333333333334,-4.686510539411649
20.766666666666666,-4.117630340884919
20.8,-3.610310218563603
20.833333333333332,-3.177081805846353
20.866666666666667,-2.7251063655664254
20.9,-2.2920748494570855
20.933333333333334,-1.7967427634365913
20.966666666666665,-1.3395471968703714
21.0,-0.840416623205565
21.033333333333335,-0.47682832695546373
21.066666666666666,0.0006041908588750672
21.1,0.47915261554673627
21.133333333333333,0.9737401057082573
21.166666666666668,1.4697140221056213
21.2,1.9307323651182882
21.233333333333334,2.294407602969529
21.266666666666666,2.5825031987658558
21.3,2.888796079358644
21.333333333333332,3.228213188772925
21.366666666666667,3.4630310328034257
21.4,3.680154626896282
21.433333333333334,4.016831687177559
21.466666666666665,4.215480299048316
21.5,4.29431683683397
21.533333333333335,4.442091481815175
21.566666666666666,4.486231439987485
21.6,4.492482263328646
21.633333333333333,4.493344136634634
21.666666666666668,4.491834765931707
21.7,4.490014501475481
21.733333333333334,4.343868734938185
21.766666666666666,4.239627640650024
21.8,4.026268969532797
21.833333333333332,3.541464317400049
21.866666666666667,3.2581715070351396
21.9,2.6483551488551607
21.933333333333334,2.2732434363847047
21.966666666666665,1.7964162194110898
22.0,1.3145415129431932
22.033333333333335,0.7756165956886107
22.066666666666666,0.27983487542283514
22.1,-0.24686362468181472
22.133333333333333,-0.7371599514770106
22.166666666666668,-1.2870562376010255
22.2,-1.9925196078613603
22.233333333333334,-2.6212517143998446
22.266666666666666,-3.1279277603504094
22.3,-3.6294387863708817
22.333333333333332,-3.847919957357333
22.366666666666667,-4.216470172018028
22.4,-4.635374051081566
22.433333333333334,-5.020037704492919
22.466666666666665,-5.30761395246756
22.5,-5.699942507294097
22.533333333333335,-5.955549470707004
22.566666666666666,-6.0956854124685185
22.6,-6.210004108524081
22.633333333333333,-6.248074658195073
22.666666666666668,-6.248813364793797
22.7,-6.246399989073102
22.733333333333334,-6.246175156785238
22.766666666666666,-6.242226460256818
22.8,-6.180035174149908
22.833333333333332,-6.023030351030833
22.866666666666667,-5.71060227208736
22.9,-5.290261377370702
22.933333333333334,-4.855541417672839
22.966666666666665,-4.088283864873548
23.0,-3.3664372190372283
23.033333333333335,-2.742469898393881
23.066666666666666,-2.2088692255836353
23.1,-1.630055884774699
23.133333333333333,-1.1425775922279446
23.166666666666668,-0.7185704150342632
23.2,-0.28628524394644345
23.233333333333334,0.24533352038175046
23.266666666666666,0.8507433607618298
23.3,1.4713387741971224
23.333333333333332,2.054914281823724
23.366666666666667,2.4796794401349875
23.4,2.8913752726714623
23.433333333333334,3.218917609818254
23.466666666666665,3.4772878788637995
23.5,3.69079621952531
23.533333333333335,4.024627044009012
23.566666666666666,4.175919255439174
23.6,4.297501807114572
23.633333333333333,4.469797351968751
23.666666666666668,4.508821520895521
23.7,4.507370329816587
23.733333333333334,4.489358251874446
23.766666666666666,4.461556397003012
23.8,4.341935001651924
23.833333333333332,4.139458823600803
23.866666666666667,3.6744585647951964
23.9,3.303724842412164
23.933333333333334,2.631657230902395
23.966666666666665,2.0918454248272678
24.0,1.5153135122098702
24.033333333333335,0.862017584840619
24.066666666666666,0.277683133273198
24.1,-0.39115656387620334
24.133333333333333,-0.9058393678352994
24.166666666666668,-1.5408335664271304
24.2,-2.2150943998700634
24.233333333333334,-2.9251264683914253
24.266666666666666,-3.454348195598779
24.3,-3.9725467177506495
24.333333333333332,-4.335751063986426
24.366666666666667,-4.879023812511574
24.4,-5.18809955136178
24.433333333333334,-5.476610604619948
24.466666666666665,-5.809779461322529
24.5,-6.069860521462095
24.533333333333335,-6.226876996195509
24.566666666666666,-6.309569823338932
24.6,-6.312873871883727
24.633333333333333,-6.303463240080606
24.666666666666668,-6.295235213840194
24.7,-6.244137151511432
24.733333333333334,-6.079344287842344
24.766666666666666,-5.764169917841089
24.8,-5.256063658179891
24.833333333333332,-4.75550905567736
24.866666666666667,-3.8794551773820802
24.9,-3.1383000057373076
24.933333333333334,-2.378894962475509
24.966666666666665,-1.6010750938295584
25.0,-1.0371160184859713
25.033333333333335,-0.537092184726988
25.066666666666666,-0.0922928549895522
25.1,0.43108444034932475
25.133333333333333,1.0271505667973206
25.166666666666668,1.6271210312893116
25.2,2.3377614598826093
25.233333333333334,2.892837640419136
25.266666666666666,3.346625502872702
25.3,3.584589677031877
25.333333333333332,3.9653871568368633
25.366666666666667,4.172436440704831
25.4,4.334429146416279
25.433333333333334,4.3808623440725585
25.466666666666665,4.489346366314912
25.5,4.492753644480735
25.533333333333335,4.487703996250174
25.566666666666666,4.450823476041687
25.6,4.32661770971759
25.633333333333333,4.066637941419119
25.666666666666668,3.526782751861851
25.7,3.074241630417668
25.733333333333334,2.382290860217611
25.766666666666666,1.6275022861445319
25.8,0.9050212675079835
25.833333333333332,0.13780450720513213
25.866666666666667,-0.5405563699867135
25.9,-1.189523755829219
25.933333333333334,-1.9646950341168914
25.966666666666665,-2.6670937405627155
26.0,-3.2554508634739228
26.033333333333335,-3.848340579747941
26.066666666666666,-4.320374762630117
26.1,-4.920363117103134
26.133333333333333,-5.2798085314354894
26.166666666666668,-5.642193228522124
26.2,-5.977451448563692
26.233333333333334,-6.161856708121417
26.266666666666666,-6.298251612348982
26.3,-6.321351459322632
26.333333333333332,-6.319349953494943
26.366666666666667,-6.316820579908016
26.4,-6.2717359875974825
26.433333333333334,-6.099073414373967
26.466666666666665,-5.715643467285705
26.5,-5.189711546621222
26.533333333333335,-4.386347699413253
26.566666666666666,-3.6795440362332985
26.6,-2.6850740007432736
26.633333333333333,-1.7904974950542816
26.666666666666668,-0.928001499958396
26.7,-0.43857072760948124
26.733333333333334,0.07905830450886682
26.766666666666666,0.5521152248891285
26.8,1.2068737081336356
26.833333333333332,1.8709943688811166
26.866666666666667,2.488800876955406
26.9,3.134304297570377
26.933333333333334,3.5230223466334243
26.966666666666665,4.0027958304991635
27.0,4.254994421257097
27.033333333333335,4.34179639074009
27.066666666666666,4.494965824702839
27.1,4.532370888054987
27.133333333333333,4.526085342058484
27.166666666666668,4.493646392667502
27.2,4.367227571183029
27.233333333333334,4.215143406356894
27.266666666666666,3.694540993268323
27.3,3.2366454613447355
27.333333333333332,2.467868691799768
27.366666666666667,1.6443416635714532
27.4,0.8429974274846196
27.433333333333334,-0.013920815821743244
27.466666666666665,-0.8428845488881023
27.5,-1.5836657092820736
27.533333333333335,-2.3568122509761937
27.566666666666666,-3.107700168305867
27.6,-3.672693484863583
27.633333333333333,-4.261521060907572
27.666666666666668,-4.896267644799716
27.7,-5.275350293696033
27.733333333333334,-5.6608730279610695
27.766666666666666,-6.028403468884171
27.8,-6.245027456480455
27.833333333333332,-6.33364705358001
27.866666666666667,-6.344856475848026
27.9,-6.346848133385591
27.933333333333334,-6.31826581434279
27.966666666666665,-6.168964908659033
28.0,-5.899432442171328
28.033333333333335,-5.328469169408203
28.066666666666666,-4.670059181785188
28.1,-3.737461273171449
28.133333333333333,-2.657002069992943
28.166666666666668,-1.5568842596466215
28.2,-0.6609167213875318
28.233333333333334,-0.04654303894357675
28.266666666666666,0.48522874826366896
28.3,1.019451114966771
28.333333333333332,1.585445473684836
28.366666666666667,2.3051116376689555
28.4,2.9326582258769647
28.433333333333334,3.479168490800324
28.466666666666665,4.015437184002265
28.5,4.284273962177802
28.533333333333335,4.489907372650342
28.566666666666666,4.543274030048085
28.6,4.548408600971155
28.633333333333333,4.562570314838113
28.666666666666668,4.474512189282405
28.7,4.249984916259927
28.733333333333334,3.8529037511612922
28.766666666666666,3.3479060705549357
28.8,2.6150690658510958
28.833333333333332,1.8640121569799752
28.866666666666667,0.9325654466416929
28.9,-0.06806384120969584
28.933333333333334,-0.9547999172565299
28.966666666666665,-1.9347907302226928
29.0,-2.7207690292449795
29.033333333333335,-3.333039798657294
29.066666666666666,-3.950821637212552
29.1,-4.42390027581188
29.133333333333333,-5.067642997980956
29.166666666666668,-5.469785194548682
29.2,-5.967593720661013
29.233333333333334,-6.238676615314669
29.266666666666666,-6.356128671244168
29.3,-6.389618867077684
29.333333333333332,-6.3915948456565035
29.366666666666667,-6.331036280929099
29.4,-6.16532064168176
29.433333333333334,-5.742560547961879
29.466666666666665,-5.124480477689259
29.5,-4.2004877485093335
29.533333333333335,-3.1312527894717785
29.566666666666666,-2.020854741782671
29.6,-0.8601037812939386
29.633333333333333,-0.02596369001516977
29.666666666666668,0.5310685311743516
29.7,1.0840139814380465
29.733333333333334,1.6212761103096514
29.766666666666666,2.297033726503448
29.8,2.9408178548282993
29.833333333333332,3.5143784528220983
29.866666666666667,4.064945146660771
29.9,4.333192842922361
29.933333333333334,4.5292038248857525
29.966666666666665,4.597602875287577
30.0,4.582036181419206
30.033333333333335,4.534897536134084
30.066666666666666,4.3161879941896455
30.1,4.060860174649036
30.133333333333333,3.4261904138573818
30.166666666666668,2.6998462209766108
30.2,1.900901589924225
30.233333333333334,0.8828096536566861
30.266666666666666,-0.185279614835552
30.3,-1.2002638289559364
30.333333333333332,-2.1865000151943663
30.366666666666667,-3.075437336732741
30.4,-3.7170426897524917
30.433333333333334,-4.297287070905047
30.466666666666665,-4.9444063980414645
30.5,-5.31525644226846
30.533333333333335,-5.773630112093926
30.566666666666666,-6.1490718329764595
30.6,-6.355912117408418
30.633333333333333,-6.417820391730957
30.666666666666668,-6.4245467984296445
30.7,-6.352058145521914
30.733333333333334,-6.162360215569007
30.766666666666666,-5.72893049782862
30.8,-5.044262933891256
30.833333333333332,-4.074825557953
30.866666666666667,-2.8300180164017403
30.9,-1.5733306926852093
30.933333333333334,-0.4688292849038349
30.966666666666665,0.36978474297377417
31.0,0.9626544194119797
31.033333333333335,1.524109508139466
31.066666666666666,2.0890200560053724
31.1,2.629812114738755
31.133333333333333,3.3295444929592897
31.166666666666668,3.9886609857065225
31.2,4.324250881706506
31.233333333333334,4.565274097692544
31.266666666666666,4.662347246425668
31.3,4.652830353398174
31.333333333333332,4.5366339421126725
31.366666666666667,4.311858781804099
31.4,3.832447681055918
31.433333333333334,3.2978013868360643
31.466666666666665,2.356344637379656
31.5,1.4649678100953603
31.533333333333335,0.33083217780431473
31.566666666666666,-0.8338064920753544
31.6,-1.991696627688332
31.633333333333333,-2.9393964860585147
31.666666666666668,-3.6888393900644982
31.7,-4.296730638452173
31.733333333333334,-4.923233247367513
31.766666666666666,-5.34896067641163
31.8,-5.781522679576683
31.833333333333332,-6.151960793808365
31.866666666666667,-6.358017490672103
31.9,-6.446883903133688
31.933333333333334,-6.429535716241381
31.966666666666665,-6.320678570203356
32.0,-6.0614253362079396
32.03333333333333,-5.411419135189768
32.06666666666667,-4.6729273318329385
32.1,-3.3549812668762855
32.13333333333333,-2.0599711183475304
32.166666666666664,-0.6990566028589923
32.2,0.31781652233437047
32.233333333333334,1.0358569036986256
32.266666666666666,1.579367611870377
32.3,2.1829609063796807
32.333333333333336,2.637120796072833
32.36666666666667,3.357239992124216
32.4,3.8306942918758975
32.43333333333333,4.322585903928123
32.46666666666667,4.607225580880517
32.5,4.732347361952116
32.53333333333333,4.657857604863164
32.56666666666667,4.5395139650279415
32.6,4.201466355241648
32.63333333333333,3.575234258716009
32.666666666666664,2.8819071041227184
32.7,1.8319641077608921
32.733333333333334,0.7046189155977396
32.766666666666666,-0.5624590103287246
32.8,-1.7771038611995764
32.833333333333336,-2.834130984446447
32.86666666666667,-3.701179007813621
32.9,-4.323701582812375
32.93333333333333,-4.973343870684808
32.96666666666667,-5.383834113347048
33.0,-5.807328158916614
33.03333333333333,-6.171109673508991
33.06666666666667,-6.370776762626609
33.1,-6.431900392210315
33.13333333333333,-6.414704320410731
33.166666666666664,-6.267988586439265
33.2,-5.915531449743914
33.233333333333334,-5.162224595921873
33.266666666666666,-4.094852791453459
33.3,-2.794823498821543
33.333333333333336,-1.2160462127403475
33.36666666666667,-0.002200967692867564
33.4,0.9530570225535989
33.43333333333333,1.5751380118845677
33.46666666666667,2.1908372306846746
33.5,2.626013126677794
33.53333333333333,3.286362061844125
33.56666666666667,3.759696930576124
33.6,4.295050219076122
33.63333333333333,4.572912422419176
33.666666666666664,4.735666117253994
33.7,4.674370217261498
33.733333333333334,4.539612785525733
33.766666666666666,4.2043107926072505
33.8,3.4265507107052517
33.833333333333336,2.548444679298398
33.86666666666667,1.473192480120095
33.9,0.17084617000919483
33.93333333333333,-1.108391563833107
33.96666666666667,-2.440021143552306
34.0,-3.4540605452110222
34.03333333333333,-4.250604923372613
34.06666666666667,-4.91953718954769
34.1,-5.355801816282305
34.13333333333333,-5.737155260928065
34.166666666666664,-6.117143496240239
34.2,-6.331017580349298
34.233333333333334,-6.428889761011481
34.266666666666666,-6.4061779573864115
34.3,-6.271114274597287
34.333333333333336,-5.895240537971629
34.36666666666667,-5.108574261539185
34.4,-3.928252157727053
34.43333333333333,-2.495562061180366
34.46666666666667,-0.8889167891163998
34.5,0.39822740551587277
34.53333333333333,1.2917789057882283
34.56666666666667,1.9684158704901948
34.6,2.401858149231668
34.63333333333333,3.039066623575839
34.666666666666664,3.511677987574809
34.7,4.140423462319365
34.733333333333334,4.501117967714511
34.766666666666666,4.65210718860937
34.8,4.675019342769089
34.833333333333336,4.526137342522532
34.86666666666667,4.226336702419034
34.9,3.5765305987154745
34.93333333333333,2.633499140452404
34.96666666666667,1.5321449624962984
35.0,0.12020373148779956
35.03333333333333,-1.1992414786407233
35.06666666666667,-2.663395159397338
35.1,-3.7177787423297666
35.13333333333333,-4.417418641618468
35.166666666666664,-5.097916167891205
35.2,-5.469845519801028
35.233333333333334,-5.937060494899557
35.266666666666666,-6.220213179384526
35.3,-6.382175001472434
35.333333333333336,-6.41716543414195
35.36666666666667,-6.346351786285519
35.4,-6.088633032266951
35.43333333333333,-5.42585010268412
35.46666666666667,-4.409487416475438
35.5,-3.066425737662065
35.53333333333333,-1.3561751802104947
35.56666666666667,0.05222318660721299
35.6,1.20354719912058
35.63333333333333,1.986804403986357
35.666666666666664,2.529995500501825
35.7,3.0691059431325507
35.733333333333334,3.567759640943633
35.766666666666666,4.116580212221716
35.8,4.495212439939825
35.833333333333336,4.648141545206766
35.86666666666667,4.663797553649817
35.9,4.555312503729988
35.93333333333333,4.121386188798082
35.96666666666667,3.400382588259652
36.0,2.4010543932350563
36.03333333333333,1.1458690989145077
36.06666666666667,-0.28206795170837395
36.1,-1.8615977521082494
36.13333333333333,-3.1456459340863434
36.166666666666664,-4.202620316217832
36.2,-4.959944038476919
36.233333333333334,-5.37955580095658
36.266666666666666,-5.746136530242753
36.3,-6.085166205124921
36.333333333333336,-6.305235158670584
36.36666666666667,-6.377990128725729
36.4,-6.338380632366183
36.43333333333333,-6.1545769284042935
36.46666666666667,-5.6324436638306
36.5,-4.8169999034428415
36.53333333333333,-3.268372321375058
36.56666666666667,-1.7458185878553607
36.6,0.021491137571266153
36.63333333333333,1.3171747411657173
36.666666666666664,2.1320171284231453
36.7,2.6461289330125695
36.733333333333334,3.2427626365314035
36.766666666666666,3.626708396754547
36.8,4.194698328832083
36.833333333333336,4.505417149699324
36.86666666666667,4.6560319537962815
36.9,4.6429177027536115
36.93333333333333,4.4608526580728896
36.96666666666667,4.00430002092734
37.0,3.1082198889191512
37.03333333333333,1.9454560521965296
37.06666666666667,0.48008482015745807
37.1,-1.1147584068001337
37.13333333333333,-2.8006707632684864
37.166666666666664,-3.9990209356982995
37.2,-4.938351653123759
37.233333333333334,-5.338357396337486
37.266666666666666,-5.763591011910401
37.3,-6.065477071438976
37.333333333333336,-6.281265487833021
37.36666666666667,-6.320613689652215
37.4,-6.314271228037561
37.43333333333333,-6.159647293131557
37.46666666666667,-5.68459035348913
37.5,-4.836171228455674
37.53333333333333,-3.27627726211335
37.56666666666667,-1.5913982396910793
37.6,0.10708547810067079
37.63333333333333,1.5154696683246123
37.666666666666664,2.359574915157689
37.7,3.0297945456896342
37.733333333333334,3.4581222582442988
37.766666666666666,3.8301396396346075
37.8,4.275289541781962
37.833333333333336,4.55272811321685
37.86666666666667,4.623961029888573
37.9,4.533254212370523
37.93333333333333,4.2544392460066565
37.96666666666667,3.567281711054041
38.0,2.535893885253163
38.03333333333333,1.1698241075355598
38.06666666666667,-0.5110289056471446
38.1,-2.255776316413843
38.13333333333333,-3.750771396911517
38.166666666666664,-4.908976940327763
38.2,-5.415173948714708
38.233333333333334,-5.889859297938488
38.266666666666666,-6.080026565222452
38.3,-6.259244455289219
38.333333333333336,-6.30245782869862
38.36666666666667,-6.294593409658974
38.4,-6.143323717710703
38.43333333333333,-5.678132277558936
38.46666666666667,-4.8366285667360245
38.5,-3.209471213935542
38.53333333333333,-1.3254414920650246
38.56666666666667,0.3644384082416162
38.6,1.774264300780709
38.63333333333333,2.5922937876620056
38.666666666666664,3.2766056565200454
38.7,3.6077143583910662
38.733333333333334,4.095905285264798
38.766666666666666,4.338123898641275
38.8,4.524732407966842
38.833333333333336,4.554493309676463
38.86666666666667,4.455821684619103
38.9,4.014987048377915
38.93333333333333,3.1352875952264747
38.96666666666667,1.8879838547974566
39.0,0.19499311400821978
39.03333333333333,-1.6253714693227679
39.06666666666667,-3.244435473637583
39.1,-4.696241704685248
39.13333333333333,-5.375748395538588
39.166666666666664,-5.916925119146676
39.2,-6.120027428412529
39.233333333333334,-6.275337426951088
39.266666666666666,-6.314465090732396
39.3,-6.311163702618647
39.333333333333336,-6.151908117466265
39.36666666666667,-5.686687538221227
39.4,-4.8644101851336075
39.43333333333333,-3.2264947410452343
39.46666666666667,-1.2883925740497721
39.5,0.48243760779399825
39.53333333333333,1.9107453074863634
39.56666666666667,2.8313257044362414
39.6,3.332769992781861
39.63333333333333,3.733596979697222
39.666666666666664,4.207397156012282
39.7,4.471277485684796
39.733333333333334,4.555833732783341
39.766666666666666,4.552017575902571
39.8,4.296265009285825
39.833333333333336,3.639993810634252
39.86666666666667,2.5961005954890832
39.9,1.12994279774449
39.93333333333333,-0.5725515686536472
39.96666666666667,-2.5014445250521935
40.0,-4.108529368791905
40.03333333333333,-5.243238167567671
40.06666666666667,-5.8825294798465855
40.1,-6.137607400661552
40.13333333333333,-6.29105390505722
40.166666666666664,-6.322836916424213
40.2,-6.31964249746447
40.233333333333334,-6.249995928168463
40.266666666666666,-5.885715782890342
40.3,-5.067998720771398
40.333333333333336,-3.7163914856932743
40.36666666666667,-1.752067438866479
40.4,0.22839088545287553
40.43333333333333,1.818722371320387
40.46666666666667,2.8440945117833065
40.5,3.3772689469159807
40.53333333333333,3.819861449364014
40.56666666666667,4.201098435638075
40.6,4.486346954199758
40.63333333333333,4.552079541419076
40.666666666666664,4.5386778979501825
40.7,4.2285976812650965
40.733333333333334,3.535746292053894
40.766666666666666,2.348228955274597
40.8,0.8466992773487649
40.833333333333336,-1.0390934963557306
40.86666666666667,-3.033811419990531
40.9,-4.67452636902129
40.93333333333333,-5.425959832007127
40.96666666666667,-6.103660993390286
41.0,-6.310706498756076
41.03333333333333,-6.357660579979426
41.06666666666667,-6.356800158105138
41.1,-6.329913993331793
41.13333333333333,-6.10989760914568
41.166666666666664,-5.413512135224903
41.2,-4.223089679767316
41.233333333333334,-2.50367718606445
41.266666666666666,-0.3409538440303708
41.3,1.3563718396217623
41.333333333333336,2.5809902188403084
41.36666666666667,3.3488140521316847
41.4,3.832991547526997
41.43333333333333,4.229829758281255
41.46666666666667,4.5076459124185355
41.5,4.588005339181449
41.53333333333333,4.558144352883202
41.56666666666667,4.29454316409904
41.6,3.6088112840941515
41.63333333333333,2.4888432939100666
41.666666666666664,0.9455177960593063
41.7,-1.0289446369053483
41.733333333333334,-3.0919492295937876
41.766666666666666,-4.845992284040588
41.8,-5.730886137998987
41.833333333333336,-6.248095742404128
41.86666666666667,-6.406460426457132
41.9,-6.44530034635119
41.93333333333333,-6.44197466222406
41.96666666666667,-6.348835594512608
42.0,-6.014060644237013
42.03333333333333,-5.197870597589216
42.06666666666667,-3.778001118639827
42.1,-1.8445030178391684
42.13333333333333,0.24651918671857695
42.166666666666664,1.9927330371511343
42.2,3.102701763703073
42.233333333333334,3.632525268949997
42.266666666666666,4.187117577498675
42.3,4.369215482982445
42.333333333333336,4.538015380384596
42.36666666666667,4.556843496423493
42.4,4.453553187828749
42.43333333333333,3.989561063244381
42.46666666666667,3.04973830830022
42.5,1.5727594238912295
42.53333333333333,-0.29588947881536537
42.56666666666667,-2.4816255422258724
42.6,-4.316824304051324
42.63333333333333,-5.539772473225783
42.666666666666664,-6.243249214417707
42.7,-6.477119123866834
42.733333333333334,-6.523695776162804
42.766666666666666,-6.5230061145240095
42.8,-6.420947349631693
42.833333333333336,-6.087868270965583
42.86666666666667,-5.3132232359641245
42.9,-3.892830240822293
42.93333333333333,-1.9193729304652083
42.96666666666667,0.24289538177930659
43.0,2.0382657092358367
43.03333333333333,3.170211596204334
43.06666666666667,3.789628308355996
43.1,4.239286692147797
43.13333333333333,4.496663801865759
43.166666666666664,4.59994859009758
43.2,4.578522193022297
43.233333333333334,4.330924238092016
43.266666666666666,3.672265317560633
43.3,2.6276269154528378
43.333333333333336,1.145895074300091
43.36666666666667,-0.9484711015023443
43.4,-3.074298014637768
43.43333333333333,-4.942167648956785
43.46666666666667,-6.011839055043834
43.5,-6.476794470925161
43.53333333333333,-6.604135293020813
43.56666666666667,-6.598255372076683
43.6,-6.538220502777433
43.63333333333333,-6.301778896864087
43.666666666666664,-5.752742629810394
43.7,-4.67363816025342
43.733333333333334,-2.824732142710405
43.766666666666666,-0.5188169408742381
43.8,1.4651276622176745
43.833333333333336,2.9154275606469167
43.86666666666667,3.6762483892295132
43.9,4.23094270929109
43.93333333333333,4.524118645787802
43.96666666666667,4.606032920031617
44.0,4.5901474101634046
44.03333333333333,4.459421243121586
44.06666666666667,3.983911136219206
44.1,2.9610574361244177
44.13333333333333,1.3756892157934133
44.166666666666664,-0.720501981330455
44.2,-2.914234862680259
44.233333333333334,-4.899161066492947
44.266666666666666,-6.052284431479499
44.3,-6.547804881265225
44.333333333333336,-6.741646080405994
44.36666666666667,-6.709600760849984
44.4,-6.5807384331825745
44.43333333333333,-6.301526005861604
44.46666666666667,-5.658282726477587
44.5,-4.326118776878913
44.53333333333333,-2.5001867304399514
44.56666666666667,-0.1480272315539414
44.6,1.8045685620153267
44.63333333333333,3.123957363572799
44.666666666666664,4.005476803409875
44.7,4.33972291722633
44.733333333333334,4.561506381230148
44.766666666666666,4.638504479109461
44.8,4.55942446559653
44.833333333333336,4.308504493373017
44.86666666666667,3.604046166050899
44.9,2.3142822479422747
44.93333333333333,0.5362210813422816
44.96666666666667,-1.7221985775276818
45.0,-3.9663794527694782
45.03333333333333,-5.493539087195892
45.06666666666667,-6.381791947098154
45.1,-6.798327333457091
45.13333333333333,-6.832110748133948
45.166666666666664,-6.74120173278582
45.2,-6.455493363459744
45.233333333333334,-5.997506125049388
45.266666666666666,-4.962571767079999
45.3,-3.1178122498774368
45.333333333333336,-0.9198193105081475
45.36666666666667,1.2272018440840025
45.4,2.8774271312081043
45.43333333333333,3.7606700284728842
45.46666666666667,4.346699538520563
45.5,4.597027850586545
45.53333333333333,4.6915184217970864
45.56666666666667,4.635646961595357
45.6,4.360795931896407
45.63333333333333,3.68439910792573
45.666666666666664,2.5573569040794935
45.7,0.832901218957294
45.733333333333334,-1.361036713046177
45.766666666666666,-3.897317945043741
45.8,-5.50157920434059
45.833333333333336,-6.442717777763981
45.86666666666667,-6.941543022007643
45.9,-6.961508058573741
45.93333333333333,-6.779946424362704
45.96666666666667,-6.471421444906805
46.0,-5.904401216175285
46.03333333333333,-4.7969581765668226
46.06666666666667,-2.861227461561618
46.1,-0.5384297012930653
46.13333333333333,1.6451248367237912
46.166666666666664,3.165637435156211
46.2,4.065489814610147
46.233333333333334,4.497704715050133
46.266666666666666,4.656598867087972
46.3,4.706237005436271
46.333333333333336,4.575924421446995
46.36666666666667,4.241982447739599
46.4,3.345002918946155
46.43333333333333,2.00837068050628
46.46666666666667,-0.013999145401254395
46.5,-2.5358399752855747
46.53333333333333,-4.8209257368525655
46.56666666666667,-6.176285956970565
46.6,-6.7947747182059866
46.63333333333333,-7.019397892288356
46.666666666666664,-6.982388494551125
46.7,-6.684084377568073
46.733333333333334,-6.189730348458963
46.766666666666666,-5.261416162414945
46.8,-3.667254277402344
46.833333333333336,-1.2365966045114996
46.86666666666667,0.9939936471321028
46.9,2.649997576643633
46.93333333333333,3.711188647420406
46.96666666666667,4.356650269137264
47.0,4.635101319919569
47.03333333333333,4.76335134537672
47.06666666666667,4.6346561110421405
47.1,4.338565057401485
47.13333333333333,3.5549004157744517
47.166666666666664,2.1747769714717498
47.2,0.2361586644471714
47.233333333333334,-2.1700442660071033
47.266666666666666,-4.433464855584211
47.3,-6.111614087779231
47.333333333333336,-6.807001493507934
47.36666666666667,-7.051659258533325
47.4,-7.020438818881868
47.43333333333333,-6.72610439944759
47.46666666666667,-6.183590983669117
47.5,-5.184736026982258
47.53333333333333,-3.3932678907991694
47.56666666666667,-1.0568196872764117
47.6,1.1263373785556148
47.63333333333333,2.9033003460204987
47.666666666666664,3.972753313563543
47.7,4.52323553997986
47.733333333333334,4.723961167177017
47.766666666666666,4.778733243160298
47.8,4.627234520682596
47.833333333333336,4.269344513394507
47.86666666666667,3.297962321439807
47.9,1.8242810592251815
47.93333333333333,-0.3143453255646347
47.96666666666667,-2.915920089851478
48.0,-5.190659430517012
48.03333333333333,-6.478846157967822
48.06666666666667,-7.05955289051458
48.1,-7.108809809132501
48.13333333333333,-7.008847738542368
48.166666666666664,-6.559699363112519
48.2,-5.912321904848037
48.233333333333334,-4.373885572286242
48.266666666666666,-2.438436343103226
48.3,0.057168815756368514
48.333333333333336,2.1304703426650784
48.36666666666667,3.5454666746691372
48.4,4.321900221160345
48.43333333333333,4.7132319213133025
48.46666666666667,4.837503233455431
48.5,4.753998683273525
48.53333333333333,4.489350989280828
48.56666666666667,3.662337355892939
48.6,2.3119307878227735
48.63333333333333,0.3420474276830728
48.666666666666664,-2.1428720487091053
48.7,-4.542072142397725
48.733333333333334,-6.211394461006289
48.766666666666666,-7.034972575061689
48.8,-7.176996820035517
48.833333333333336,-7.095113543743957
48.86666666666667,-6.71781691870356
48.9,-6.081261265229718
48.93333333333333,-4.853784283162738
48.96666666666667,-2.823181352178663
49.0,-0.20022057583135972
49.03333333333333,2.010584383666362
49.06666666666667,3.4351482837142364
49.1,4.352428651899742
49.13333333333333,4.746500422354014
49.166666666666664,4.9044294803384485
49.2,4.789104532547702
49.233333333333334,4.49195462531789
49.266666666666666,3.66555349211176
49.3,2.2544572674046073
49.333333333333336,0.2246388172563787
49.36666666666667,-2.290264100018502
49.4,-4.883409655666456
49.43333333333333,-6.3644479084699945
49.46666666666667,-7.088188848645219
49.5,-7.247422398075709
49.53333333333333,-7.098418159459862
49.56666666666667,-6.695716754337018
49.6,-5.920418146635052
49.63333333333333,-4.3179073495378635
49.666666666666664,-2.1984014330611337
49.7,0.24433423748900945
49.733333333333334,2.378240100058171
49.766666666666666,3.723352661643277
49.8,4.560483773543836
49.833333333333336,4.853054096086062
49.86666666666667,4.890418287217863
49.9,4.733547397212688
49.93333333333333,4.226513393981418
49.96666666666667,3.217606234104007
50.0,1.5603177931558168
50.03333333333333,-0.8134829835794957
50.06666666666667,-3.4043695641726397
50.1,-5.585294149800809
50.13333333333333,-6.813184520482985
50.166666666666664,-7.288301738869712
50.2,-7.266771757715081
50.233333333333334,-7.017054489812707
50.266666666666666,-6.331543532438033
50.3,-5.203526759595031
50.333333333333336,-3.1614755619669017
50.36666666666667,-0.7144916423191848
50.4,1.7638685649669885
50.43333333333333,3.385922553776729
50.46666666666667,4.380653712168994
50.5,4.85400891864595
50.53333333333333,5.0680385659686245
50.56666666666667,4.8633168594810705
50.6,4.48776336873812
50.63333333333333,3.590852277082755
50.666666666666664,2.100951407756541
50.7,-0.0493843404290812
50.733333333333334,-2.829626044153259
50.766666666666666,-5.284945742660906
50.8,-6.731287936357082
50.833333333333336,-7.290349453589877
50.86666666666667,-7.339053891604395
50.9,-7.104536103993564
50.93333333333333,-6.455381244437351
50.96666666666667,-5.342124731820078
51.0,-3.4155585419147054
51.03333333333333,-0.8913906985829644
51.06666666666667,1.5522438706366135
51.1,3.344239740446298
51.13333333333333,4.38491738386516
51.166666666666664,4.858401629902447
51.2,5.102154107857421
51.233333333333334,4.851553705086971
51.266666666666666,4.490420070557385
51.3,3.531602871544572
51.333333333333336,2.016388145673214
51.36666666666667,-0.21878944052780577
51.4,-3.046184999330502
51.43333333333333,-5.453364221026645
51.46666666666667,-6.944301792657851
51.5,-7.36094470870603
51.53333333333333,-7.361707738787416
51.56666666666667,-7.087216092814036
51.6,-6.378645950545219
51.63333333333333,-5.0964308791830675
51.666666666666664,-2.9494032064342606
51.7,-0.14773874059048042
51.733333333333334,2.1323075305300527
51.766666666666666,3.7137711769755817
51.8,4.609551289555816
51.833333333333336,5.087973489867481
51.86666666666667,5.11558837719919
51.9,4.790660461047646
51.93333333333333,4.2429026208624885
51.96666666666667,3.125869321557387
52.0,1.1781929210672424
52.03333333333333,-1.3006510775746407
52.06666666666667,-4.235726258560851
52.1,-6.211471508969921
52.13333333333333,-7.197615261032819
52.166666666666664,-7.442562579302131
52.2,-7.295140375908121
52.233333333333334,-6.817688537100701
52.266666666666666,-5.921811055636737
52.3,-4.14117450986455
52.333333333333336,-1.6673735608876994
52.36666666666667,1.156599263714939
52.4,3.1780129580007617
52.43333333333333,4.352301566049003
52.46666666666667,5.050718184560858
52.5,5.189606823056537
52.53333333333333,5.058405080335586
52.56666666666667,4.545080016423459
52.6,3.476708703729329
52.63333333333333,1.9543305105469904
52.666666666666664,-0.5154326310569908
52.7,-3.298137973466013
52.733333333333334,-5.842184263042242
52.766666666666666,-7.058553565726756
52.8,-7.460143844522169
52.833333333333336,-7.413314788677356
52.86666666666667,-7.063505439420789
52.9,-6.163673276671413
52.93333333333333,-4.457394248165791
52.96666666666667,-2.059211381435513
53.0,0.8332200975551857
53.03333333333333,3.0090330551144224
53.06666666666667,4.266026470595262
53.1,5.035060134712198
53.13333333333333,5.210174978877459
53.166666666666664,5.096072458547989
53.2,4.5915602314791215
53.233333333333334,3.599314713986952
53.266666666666666,2.0363276732468263
53.3,-0.300274550659997
53.333333333333336,-3.1824467366536
53.36666666666667,-5.606541069270282
53.4,-7.073112450327781
53.43333333333333,-7.4683454294597995
53.46666666666667,-7.42918779742488
53.5,-7.064784209993424
53.53333333333333,-6.128980055394067
53.56666666666667,-4.290230739558076
53.6,-1.8167057051737754
53.63333333333333,1.0907316312053088
53.666666666666664,3.1967527563680083
53.7,4.423084228338787
53.733333333333334,5.097857314716205
53.766666666666666,5.215464512754818
53.8,5.06762274925975
53.833333333333336,4.463127483166215
53.86666666666667,3.3008101081028767
53.9,1.4422244630069587
53.93333333333333,-0.983635316173518
53.96666666666667,-3.9865915193240764
54.0,-6.139682785426198
54.03333333333333,-7.2603113007407645
54.06666666666667,-7.554817372644292
54.1,-7.423757765746311
54.13333333333333,-6.851043035030559
54.166666666666664,-5.7052491871583575
54.2,-3.5757540554988796
54.233333333333334,-0.7937616062882455
54.266666666666666,2.0856954073350433
54.3,3.912870736340163
54.333333333333336,4.831219039974541
54.36666666666667,5.243295515348485
54.4,5.20982758652622
54.43333333333333,4.762034220664665
54.46666666666667,4.115456476675824
54.5,2.5840600645979115
54.53333333333333,0.32266947004563595
54.56666666666667,-2.362024066919153
54.6,-5.172869632208906
54.63333333333333,-6.951316840058489
54.666666666666664,-7.485633290632357
54.7,-7.537888905439848
54.733333333333334,-7.2254520953535994
54.766666666666666,-6.352467507527181
54.8,-4.765924368998679
54.833333333333336,-1.9238078325352916
54.86666666666667,1.1219824887963155
54.9,3.3336423196117897
54.93333333333333,4.66636521314576
54.96666666666667,5.208221926733455
55.0,5.275815736991398
55.03333333333333,5.095011160833334
55.06666666666667,4.3143647712848425
55.1,3.11927669250666
55.13333333333333,1.0509254246860573
55.166666666666664,-1.7678029339941395
55.2,-4.461652695439421
55.233333333333334,-6.50932238312253
55.266666666666666,-7.430302017116768
55.3,-7.642617957111528
55.333333333333336,-7.350663806749921
55.36666666666667,-6.555278009946137
55.4,-5.074678088999504
55.43333333333333,-2.3630369804429603
55.46666666666667,0.8291705920000022
55.5,3.1681449754319315
55.53333333333333,4.647756121927727
55.56666666666667,5.197052655065157
55.6,5.262873884571985
55.63333333333333,5.162016736891578
55.666666666666664,4.382307193104222
55.7,3.1574393054478254
55.733333333333334,1.113207785004148
55.766666666666666,-1.5353759889222782
55.8,-4.346584751730226
55.833333333333336,-6.479000464810242
55.86666666666667,-7.4255451050465675
55.9,-7.677892567880347
55.93333333333333,-7.388016049572059
55.96666666666667,-6.54622217462313
56.0,-4.9944001946070875
56.03333333333333,-2.158977363245102
56.06666666666667,1.0533174022636942
56.1,3.3932896097184604
56.13333333333333,4.738457570549581
56.166666666666664,5.288650009447099
56.2,5.30982007621066
56.233333333333334,5.122344336843849
56.266666666666666,4.252373853216876
56.3,2.8410858144422666
56.333333333333336,0.5314669986704745
56.36666666666667,-2.1485590770608622
56.4,-5.027209235597211
56.43333333333333,-6.935042294947519
56.46666666666667,-7.571790377083254
56.5,-7.662607906661093
56.53333333333333,-7.260204867619606
56.56666666666667,-6.254429306528308
56.6,-4.16882064909137
56.63333333333333,-1.0957964757265624
56.666666666666664,1.9977499232421443
56.7,4.1263309314175345
56.733333333333334,5.184204391115304
56.766666666666666,5.470722900314092
56.8,5.269284660089776
56.833333333333336,4.803468599231148
56.86666666666667,3.720765171608346
56.9,2.026123438183362
56.93333333333333,-0.5996034070013732
56.96666666666667,-3.348540242818589
57.0,-5.958600408207122
57.03333333333333,-7.300555976457835
57.06666666666667,-7.763583364053134
57.1,-7.556624990751181
57.13333333333333,-6.98425160397749
57.166666666666664,-5.38883412002768
57.2,-2.8092204320805423
57.233333333333334,0.43006675569649416
57.266666666666666,3.1884969080841206
57.3,4.71486090552623
57.333333333333336,5.358383921381785
57.36666666666667,5.51294777324041
57.4,5.21330361445356
57.43333333333333,4.269802363076044
57.46666666666667,2.6975271736263817
57.5,0.3615911556763646
57.53333333333333,-2.305118444796369
57.56666666666667,-5.1914018000086575
57.6,-7.03557978519265
57.63333333333333,-7.665676487163261
57.666666666666664,-7.687915640520505
57.7,-7.205050949901113
57.733333333333334,-6.015281782368573
57.766666666666666,-3.5757003217015018
57.8,-0.1901454338466543
57.833333333333336,2.6267196184972175
57.86666666666667,4.4294195628063875
57.9,5.304679982074102
57.93333333333333,5.529966177942322
57.96666666666667,5.2558174082483164
58.0,4.553309498564766
58.03333333333333,3.0906598662674667
58.06666666666667,0.9367401288768451
58.1,-1.8816582593668085
58.13333333333333,-4.8773237547687405
58.166666666666664,-6.903724141057448
58.2,-7.626397806994712
58.233333333333334,-7.775619270139243
58.266666666666666,-7.330174912098434
58.3,-6.191363263120308
58.333333333333336,-3.959144249655612
58.36666666666667,-0.7424822835363938
58.4,2.3694142484477787
58.43333333333333,4.377971511065297
58.46666666666667,5.351274691815718
58.5,5.615281124926723
58.53333333333333,5.319199569741518
58.56666666666667,4.573960608061364
58.6,3.103091118706841
58.63333333333333,0.8624717780901558
58.666666666666664,-1.9518477580751252
58.7,-4.948091343698678
58.733333333333334,-6.932420442183724
58.766666666666666,-7.670383505520874
58.8,-7.772162991120437
58.833333333333336,-7.27185909190884
58.86666666666667,-6.050141488545759
58.9,-3.406155537476676
58.93333333333333,-0.12339730013566422
58.96666666666667,2.846593423816481
59.0,4.68473162622285
59.03333333333333,5.5480452722262825
59.06666666666667,5.638666627174294
59.1,5.284817668161597
59.13333333333333,4.308694945046547
59.166666666666664,2.632723512226483
59.2,0.20390748088032012
59.233333333333334,-2.666730317465781
59.266666666666666,-5.3966883819670395
59.3,-7.190282453861796
59.333333333333336,-7.787644254354995
59.36666666666667,-7.743909602801977
59.4,-7.056817774170521
59.43333333333333,-5.367667259128193
59.46666666666667,-2.5811418466457186
59.5,0.8499420510693567
59.53333333333333,3.4300854278628403
59.56666666666667,5.194167609490526
59.6,5.680959082814947
59.63333333333333,5.648000110042623
59.666666666666664,5.153994646020452
59.7,3.7308975980719086
59.733333333333334,1.7664054830425047
59.766666666666666,-0.9306627174270099
59.8,-3.995233224431519
59.833333333333336,-6.2746477556510625
59.86666666666667,-7.4955626220744955
59.9,-7.926065714812054
59.93333333333333,-7.4598030406612805
59.96666666666667,-6.385520020487793
60.0,-4.15869694697491
60.03333333333333,-0.9418013080080762
60.06666666666667,2.2266211473855777
60.1,4.371088811228912
60.13333333333333,5.464324227573344
60.166666666666664,5.81582836629469
60.2,5.372853203163639
60.233333333333334,4.425204405291895
60.266666666666666,2.6817547608255077
60.3,0.22602381327172844
60.333333333333336,-2.620516705112573
60.36666666666667,-5.382701745509865
60.4,-7.201708848486342
60.43333333333333,-7.931297867817856
60.46666666666667,-7.735445286710871
60.5,-7.005614574779055
60.53333333333333,-5.125072017285583
60.56666666666667,-2.079982206411698
60.6,1.251867215859716
60.63333333333333,3.917945186998562
60.666666666666664,5.279108845584225
60.7,5.852131263295423
60.733333333333334,5.643029674592457
60.766666666666666,4.829160349370669
60.8,3.209749142961087
60.833333333333336,0.991780906626393
60.86666666666667,-1.8614666059507647
60.9,-4.879962894935449
60.93333333333333,-6.966571319395837
60.96666666666667,-7.809743913726117
61.0,-7.832300691373474
61.03333333333333,-7.205269562025861
61.06666666666667,-5.473256126106817
61.1,-2.7560380494613175
61.13333333333333,0.7788271919804894
61.166666666666664,3.4365362161527258
61.2,5.203071920098519
61.233333333333334,5.927014035512992
61.266666666666666,5.835281118790498
61.3,5.160732949523096
61.333333333333336,3.434881004933588
61.36666666666667,1.1919073494750716
61.4,-1.3788621825464735
61.43333333333333,-4.350560121544067
61.46666666666667,-6.609718157992518
61.5,-7.7808578082345665
61.53333333333333,-7.949059750871417
61.56666666666667,-7.306708628419014
61.6,-5.68600900587023
61.63333333333333,-2.824188205982248
61.666666666666664,0.6807537607005473
61.7,3.3554646417016585
61.733333333333334,5.212922681500897
61.766666666666666,5.962332773233518
61.8,5.886398016384458
61.833333333333336,5.155531530712974
61.86666666666667,3.3611982323255924
61.9,1.13664384033785
61.93333333333333,-1.6655688016584025
61.96666666666667,-4.5787063084829605
62.0,-6.912784104398533
62.03333333333333,-7.801284942871635
62.06666666666667,-7.937398170942216
62.1,-7.191993075469346
62.13333333333333,-5.315203744844428
62.166666666666664,-2.2939802064370607
62.2,1.0406965190928337
62.233333333333334,3.7509546176823734
62.266666666666666,5.353249745789585
62.3,5.961669155140261
62.333333333333336,5.825242143251857
62.36666666666667,4.7774652752091535
62.4,3.0112857100813777
62.43333333333333,0.39350835080260227
62.46666666666667,-2.3029572577121193
62.5,-5.209073105151119
62.53333333333333,-7.222964461340826
62.56666666666667,-7.958901707113184
62.6,-7.7673972100284585
62.63333333333333,-6.773532249888096
62.666666666666664,-4.425476902333377
62.7,-1.201345959324642
62.733333333333334,1.9520642491808067
62.766666666666666,4.361696761085187
62.8,5.784218049498332
62.833333333333336,6.164980082002235
62.86666666666667,5.61916594195798
62.9,4.263057677056669
62.93333333333333,2.2197771858732174
62.96666666666667,-0.30209084609483133
63.0,-3.2934367781771203
63.03333333333333,-5.993040431667188
63.06666666666667,-7.496291537252516
63.1,-7.972184364522322
63.13333333333333,-7.452183557628962
63.166666666666664,-6.020009806844412
63.2,-3.1900726504544674
63.233333333333334,0.1682119166423437
63.266666666666666,3.1723280522682322
63.3,5.199059232829859
63.333333333333336,6.187025546880142
63.36666666666667,5.971977170162057
63.4,5.196290517461706
63.43333333333333,3.279343550184977
63.46666666666667,0.9805431087999713
63.5,-1.8684467349352327
63.53333333333333,-4.896200734472271
63.56666666666667,-7.0190532626378666
63.6,-7.937472013635329
63.63333333333333,-7.791668790167004
63.666666666666664,-6.7850867723072525
63.7,-4.38530064765981
63.733333333333334,-1.201843071247847
63.766666666666666,2.0197138939390005
63.8,4.423504313254543
63.833333333333336,5.896702339010752
63.86666666666667,6.216238295306472
63.9,5.526822793203567
63.93333333333333,4.090581404022147
63.96666666666667,1.8592798258351833
64.0,-0.8999008063077477
64.03333333333333,-3.9426360327870102
64.06666666666666,-6.293255507490704
64.1,-7.646055613837417
64.13333333333334,-7.92276415222192
64.16666666666667,-7.164829542180365
64.2,-5.193872011216839
64.23333333333333,-2.124041783886136
64.26666666666667,1.1518705739970947
64.3,4.043830326102216
64.33333333333333,5.7051040154878745
64.36666666666666,6.264638320975657
64.4,5.794426386655497
64.43333333333334,4.349607137883141
64.46666666666667,2.2671618501449093
64.5,-0.21076201241924084
64.53333333333333,-3.1751421135206854
64.56666666666666,-5.9450847408356795
64.6,-7.49838624363843
64.63333333333334,-7.9406907374266185
64.66666666666667,-7.293357147630538
64.7,-5.4119077843563215
64.73333333333333,-2.5662201532593714
64.76666666666667,0.8503384616250421
64.8,3.026321470141728
64.83333333333333,2.890983215497008
64.86666666666666,1.547214456499311
64.9,-0.021526556490226736
64.93333333333334,-1.2503750479976126
64.96666666666667,-1.5988127319657037
65.0,-1.0204877614491947
65.03333333333333,-0.0729733780840667
65.06666666666666,0.6126068681366371
65.1,0.8846080930559578
65.13333333333334,0.6677872241729592
65.16666666666667,0.40164884223304737
65.2,0.10100938193386405
65.23333333333333,-0.03136882673870134
65.26666666666667,-0.030702711823731074
65.3,-0.028595126004097714
65.33333333333333,-0.03814123595279244
65.36666666666666,-0.032687892232385024
65.4,-0.03794464970328865
65.43333333333334,-0.03637153322431415
65.46666666666667,-0.03762098886611794
65.5,-0.030734812160354834
65.53333333333333,-0.027638002977237577
65.56666666666666,-0.03140433467280355
65.6,-0.02983631238691753
65.63333333333334,-0.03037847764883158
65.66666666666667,-0.03191372855931254
65.7,-0.03939355584520398
65.73333333333333,-0.04210954519587673
65.76666666666667,-0.0379147867993543
65.8,-0.035364276307481964
65.83333333333333,-0.03443451415210898
65.86666666666666,-0.03440054885606418
65.9,-0.039356991578526616
65.93333333333334,-0.03931611179383175
65.96666666666667,-0.04619107444176647
66.0,-0.038697972371265446
66.03333333333333,-0.03123311923778975
66.06666666666666,-0.03279063636742351
66.1,-0.035337657660672844
66.13333333333334,-0.03677195109655202
66.16666666666667,-0.034256923636979804
66.2,-0.03726759940321345
66.23333333333333,-0.03316633261987224
66.26666666666667,-0.033314300432891616
66.3,-0.026654603203144916
66.33333333333333,-0.02461444219827378
66.36666666666666,-0.02465309699122649
66.4,-0.025168733510951915
66.43333333333334,-0.024888905649965723
66.46666666666667,-0.023631386441081037
66.5,-0.02303196045115746
66.53333333333333,-0.03336268084605616
66.56666666666666,-0.028855344208794282
66.6,-0.029224796377683365
66.63333333333334,-0.029856915938604324
66.66666666666667,-0.0257558641811593
66.7,-0.02022326781234138
66.73333333333333,-0.020210034299602067
66.76666666666667,-0.018091312331097495
66.8,-0.0238238662963099
66.83333333333333,-0.021200632104898476
66.86666666666666,-0.023526807617273878
66.9,-0.023373052399968605
66.93333333333334,-0.02290714831357641
66.96666666666667,-0.02590926811126799
67.0,-0.027171700875722047
67.03333333333333,-0.02661307747142616
67.06666666666666,-0.028074243491991342
67.1,-0.024292221220102838
67.13333333333334,-0.02202918742217979
67.16666666666667,-0.015522911781723298
67.2,-0.014881398269804223
67.23333333333333,-0.016281480876476316
67.26666666666667,-0.021288388301143817
67.3,-0.020692706501017837
67.33333333333333,-0.021850565878953464
67.36666666666666,-0.01384364060882278
67.4,-0.017830857737851383
67.43333333333334,-0.01624578062278362
67.46666666666667,-0.01982821735724702
67.5,-0.02129985598640313
67.53333333333333,-0.025925161325768206
67.56666666666666,-0.02718866852520687
67.6,-0.026394094652303798
67.63333333333334,-0.023681715207883418
67.66666666666667,-0.02656514986970758
67.7,-0.027715334968541956
67.73333333333333,-0.033317082324256626
67.76666666666667,-0.0315099230887124
67.8,-0.0349758401015333
67.83333333333333,-0.03363086075190417
67.86666666666666,-0.03392170315162152
67.9,-0.030327821397990458
67.93333333333334,-0.03125404358131206
67.96666666666667,-0.029519188414595696
68.0,-0.027205157529171686
68.03333333333333,-0.026330087156660194
68.06666666666666,-0.027187262839139602
68.1,-0.02446230799161436
68.13333333333334,-0.03269319567030424
68.16666666666667,-0.03202983646758562
68.2,-0.035315527155172215
68.23333333333333,-0.03560821656848932
68.26666666666667,-0.033638029387444465
68.3,-0.03168063064012267
68.33333333333333,-0.03255833918316348
68.36666666666666,-0.028961809518727753
68.4,-0.029570223601361356
68.43333333333334,-0.03137059814276596
68.46666666666667,-0.039141715160360746
68.5,-0.03360779704314313
68.53333333333333,-0.03369436246192053
68.56666666666666,-0.030537408714787977
68.6,-0.029756481941608823
68.63333333333334,-0.031941024299737546
68.66666666666667,-0.02768484395360481
68.7,-0.023505174208464742
68.73333333333333,-0.027192925889159385
68.76666666666667,-0.024509647139731035
68.8,-0.02832489504764212
68.83333333333333,-0.027915443293822534
68.86666666666666,-0.02922952475620423
68.9,-0.025728999233364535
68.93333333333334,-0.02960434881693867
68.96666666666667,-0.01977563077100274
69.0,-0.0229261796031272
69.03333333333333,-0.013798145746527124
69.06666666666666,-0.02204818148712502
69.1,-0.018657625312816173
69.13333333333334,-0.021980742110473916
69.16666666666667,-0.015767361837341187
69.2,-0.018360035974593195
69.23333333333333,-0.01429077941871562
69.26666666666667,-0.012886113790680522
69.3,-0.010930670738885182
69.33333333333333,-0.0108632028479908
69.36666666666666,-0.020180998671065358
69.4,-0.02367715672126426
69.43333333333334,-0.02725056279940177
69.46666666666667,-0.03141555255816575
69.5,-0.0324161068202459
69.53333333333333,-0.033513141004600046
69.56666666666666,-0.029995379890390545
69.6,-0.030312924940584837
69.63333333333334,-0.031068508205344663
69.66666666666667,-0.0325168635116941
69.7,-0.027406514566295722
69.73333333333333,-0.02637813119349309
69.76666666666667,-0.023790796795334208
69.8,-0.026206498277141485
69.83333333333333,-0.02750658906295313
69.86666666666666,-0.02868671503360108
69.9,-0.026814385401367862
69.93333333333334,-0.022255357992506008
69.96666666666667,-0.022868846091449704
70.0,-0.02860354438057121
70.03333333333333,-0.02641186980038791
70.06666666666666,-0.030146047852145308
70.1,-0.028163618436731982
70.13333333333334,-0.0282242679966744
70.16666666666667,-0.018273468685175584
70.2,-0.016315637925348504
70.23333333333333,-0.01505467254765676
70.26666666666667,-0.015398251722514472
70.3,-0.010963882386668107
70.33333333333333,-0.011186970052045423
70.36666666666666,-0.01627198673839234
70.4,-0.02193835420816413
70.43333333333334,-0.025144384334569385
70.46666666666667,-0.025206625058131572
70.5,-0.025233674684284245
70.53333333333333,-0.025328213371779353
70.56666666666666,-0.025872910473925453
70.6,-0.026778201999139193
70.63333333333334,-0.030386359243964507
70.66666666666667,-0.03757617844746328
70.7,-0.02781279031806789
70.73333333333333,-0.028662542279534534
70.76666666666667,-0.0287436830382099
70.8,-0.031193676033989873
70.83333333333333,-0.020794908411402187
70.86666666666666,-0.020423437858738076
70.9,-0.02195277552125611
70.93333333333334,-0.021902851350951418
