scorer,,,Dani_F,Dani_F,Dani_F,Dani_F
bodyparts,,,beam_left,beam_left,beam_right,beam_right
coords,,,x,y,x,y
labeled-data,swept_sine_ready,img0045.png,80.13878720509479,354.7530305918798,1824.355770605769,327.41319038528206
labeled-data,swept_sine_ready,img0048.png,79.94499048690645,354.5592338736915,1824.9392194426562,327.99663922216916
labeled-data,swept_sine_ready,img0072.png,79.94499048690645,354.5592338736915,1824.9392194426562,326.82974154839496
labeled-data,swept_sine_ready,img0076.png,79.94499048690645,354.5592338736915,1824.9392194426562,326.82974154839496
labeled-data,swept_sine_ready,img0087.png,79.94499048690645,354.5592338736915,1824.9392194426562,326.82974154839496
labeled-data,swept_sine_ready,img0107.png,79.94499048690645,354.5592338736915,1824.9392194426562,326.82974154839496
labeled-data,swept_sine_ready,img0133.png,79.94499048690645,354.5592338736915,1824.9392194426562,326.82974154839496
labeled-data,swept_sine_ready,img0135.png,79.94499048690645,354.5592338736915,1824.9392194426562,326.82974154839496
labeled-data,swept_sine_ready,img0144.png,79.94499048690645,354.5592338736915,1824.9392194426562,326.82974154839496
labeled-data,swept_sine_ready,img0151.png,79.94499048690645,354.5592338736915,1824.9392194426562,326.82974154839496
labeled-data,swept_sine_ready,img0162.png,79.94499048690645,354.5592338736915,1824.9392194426562,326.82974154839496
labeled-data,swept_sine_ready,img0175.png,79.94499048690645,355.1406240282565,1824.9392194426562,326.82974154839496
labeled-data,swept_sine_ready,img0178.png,79.94499048690645,354.94682731006816,1824.9392194426562,326.82974154839496
labeled-data,swept_sine_ready,img0181.png,79.94499048690645,355.33442074644483,1824.9392194426562,326.82974154839496
labeled-data,swept_sine_ready,img0193.png,79.94499048690645,355.33442074644483,1824.9392194426562,326.82974154839496
labeled-data,swept_sine_ready,img0194.png,79.94499048690645,355.33442074644483,1824.9392194426562,326.82974154839496
labeled-data,swept_sine_ready,img0200.png,79.94499048690645,355.33442074644483,1824.9392194426562,326.82974154839496
labeled-data,swept_sine_ready,img0201.png,79.94499048690645,355.33442074644483,1824.9392194426562,326.82974154839496
labeled-data,swept_sine_ready,img0206.png,79.94499048690645,355.33442074644483,1824.9392194426562,326.82974154839496
labeled-data,swept_sine_ready,img0246.png,79.94499048690645,355.33442074644483,1824.9392194426562,326.82974154839496
labeled-data,swept_sine_ready,img0251.png,79.94499048690645,355.33442074644483,1824.9392194426562,326.82974154839496
labeled-data,swept_sine_ready,img0264.png,79.94499048690645,355.33442074644483,1824.9392194426562,326.82974154839496
labeled-data,swept_sine_ready,img0292.png,79.94499048690645,355.33442074644483,1824.9392194426562,326.82974154839496
labeled-data,swept_sine_ready,img0303.png,79.94499048690645,355.33442074644483,1824.9392194426562,326.82974154839496
labeled-data,swept_sine_ready,img0314.png,80.7201773596598,363.2800861921667,1825.1576306081427,318.5954680607373
labeled-data,swept_sine_ready,img0337.png,82.07675776817761,385.5667380004249,1824.476891554306,297.1235953186995
labeled-data,swept_sine_ready,img0342.png,82.14058657413,388.47786884792947,1824.476891554306,296.396768227932
labeled-data,swept_sine_ready,img0393.png,87.11265065553354,433.2267888689529,1822.2964102820035,249.15300732804874
labeled-data,swept_sine_ready,img0412.png,84.9663589492018,419.45475041999083,1820.8427561004687,262.96272205263
labeled-data,swept_sine_ready,img0429.png,81.38920610531554,374.0249093026354,1825.2037186450732,308.7528287709784
labeled-data,swept_sine_ready,img0430.png,80.67377553653829,371.1631870275263,1825.2037186450732,312.3869642248156
labeled-data,swept_sine_ready,img0435.png,79.77948732556673,356.3180027253984,1824.476891554306,325.46985185862945
labeled-data,swept_sine_ready,img0438.png,79.60062968337242,347.5539782578771,1825.2037186450732,334.9186040386061
labeled-data,swept_sine_ready,img0443.png,79.24291439898379,327.1642070477254,1823.7500644635384,355.9965896708617
labeled-data,swept_sine_ready,img0447.png,79.42177204117812,317.684752011427,1823.023237372771,363.9916876693035
labeled-data,swept_sine_ready,img0452.png,79.60062968337243,303.1972829936877,1822.2964102820035,377.0745753031173
labeled-data,swept_sine_ready,img0457.png,79.42177204117812,289.067529260337,1821.5695831912362,391.61111711846604
labeled-data,swept_sine_ready,img0460.png,79.77948732556675,284.7749458476735,1822.2964102820035,395.97207966307064
labeled-data,swept_sine_ready,img0485.png,79.95834496776105,288.88867161814267,1821.5695831912362,391.61111711846604
labeled-data,swept_sine_ready,img0499.png,79.60062968337243,343.9768254139909,1823.7500644635384,338.55273949244327
labeled-data,swept_sine_ready,img0526.png,86.75493537114492,433.94221943773005,1822.2964102820035,249.87983441881616
labeled-data,swept_sine_ready,img0536.png,86.21836244456199,428.0399172453177,1822.2964102820035,254.24079696342076
labeled-data,swept_sine_ready,img0565.png,79.60062968337243,284.7749458476734,1821.5695831912362,396.69890675383806
labeled-data,swept_sine_ready,img0574.png,80.31606025214967,271.7183379674886,1820.1159290097012,408.32814020611704
labeled-data,swept_sine_ready,img0593.png,79.95834496776105,352.74084988151213,1825.9305457358407,330.5576414940015
labeled-data,swept_sine_ready,img0602.png,83.5354978116473,405.50385432883434,1824.476891554306,277.4992638679787
labeled-data,swept_sine_ready,img0624.png,82.28349431628712,395.8455416503415,1825.2037186450732,286.9480160479553
labeled-data,swept_sine_ready,img0629.png,80.6737755365383,362.39916256000504,1825.2037186450732,321.83571640479227
labeled-data,swept_sine_ready,img0712.png,79.77948732556673,271.71833796748865,1821.5695831912362,407.6013131153495
labeled-data,swept_sine_ready,img0737.png,87.47036593992217,435.7307958596731,1822.2964102820035,246.9725260557464
labeled-data,swept_sine_ready,img0738.png,87.47036593992217,435.9096535018674,1822.2964102820035,246.9725260557464
labeled-data,swept_sine_ready,img0749.png,81.92577903189849,366.69174597266857,1824.476891554306,316.74792676942013
labeled-data,swept_sine_ready,img0759.png,79.84365928612402,284.23797645563684,1823.7500644635384,397.4257338446055
labeled-data,swept_sine_ready,img0781.png,82.7609034705595,399.17739732239477,1823.7500644635386,282.5870535033508
labeled-data,swept_sine_ready,img0818.png,81.01055695989822,282.48762994497554,1821.5695831912362,396.69890675383806
labeled-data,swept_sine_ready,img0842.png,84.5112499812208,410.2629252232496,1823.7500644635386,272.4114742326067
labeled-data,swept_sine_ready,img0848.png,79.84365928612402,333.24767875415296,1824.476891554306,347.2746645816525
labeled-data,swept_sine_ready,img0891.png,81.01055695989822,322.7455996901852,1823.7500644635386,356.72341676162915
labeled-data,swept_sine_ready,img0898.png,80.42710812301112,269.65175553345944,1820.8427561004687,409.78179438765187
labeled-data,swept_sine_ready,img0903.png,80.42710812301112,279.5703857605401,1823.023237372771,399.6062151169078
labeled-data,swept_sine_ready,img0906.png,79.84365928612402,311.66007178933035,1822.2964102820038,365.44534185083836
labeled-data,swept_sine_ready,img0911.png,82.7609034705595,387.50842058465287,1824.476891554306,295.6699411371646
labeled-data,swept_sine_ready,img0926.png,82.7609034705595,385.17462523710446,1823.023237372771,299.3040765910018
labeled-data,swept_sine_ready,img0927.png,79.26021044923692,364.7539159460561,1822.2964102820038,318.2015809509551
labeled-data,swept_sine_ready,img0937.png,79.26021044923692,269.06830669657234,1820.1159290097014,410.50862147841934
labeled-data,swept_sine_ready,img0982.png,79.26021044923692,330.33043456971745,1823.7500644635386,351.6356271262571
labeled-data,swept_sine_ready,img0984.png,81.01055695989822,368.83805780426576,1823.7500644635386,315.2942725878853
labeled-data,swept_sine_ready,img0989.png,85.67814765499497,421.9319019609916,1822.2964102820038,260.7822407803277
labeled-data,swept_sine_ready,img0997.png,86.84504532876917,417.8477601027819,1820.8427561004687,262.2358949618626
labeled-data,swept_sine_ready,img1040.png,81.59400579678532,284.82142529252394,1822.2964102820038,395.97207966307064
labeled-data,swept_sine_ready,img1041.png,79.84365928612402,276.6531415761046,1821.5695831912362,401.78669638921014
labeled-data,swept_sine_ready,img1087.png,85.67814765499497,420.7650042872174,1823.023237372771,260.7822407803277
labeled-data,swept_sine_ready,img1089.png,86.84504532876917,431.2670833511851,1820.8427561004687,250.6066615095836
labeled-data,swept_sine_ready,img1095.png,84.5112499812208,409.6794763863625,1824.476891554306,270.2309929603044
labeled-data,swept_sine_ready,img1097.png,81.59400579678532,365.9208136198303,1824.476891554306,320.3820622232574
labeled-data,swept_sine_ready,img1135.png,80.42710812301112,269.65175553345944,1820.1159290097014,409.05496729688446
labeled-data,swept_sine_ready,img1169.png,79.84365928612402,312.24352062621745,1823.7500644635386,366.89899603237325
labeled-data,swept_sine_ready,img1185.png,78.67676161234985,334.99802526481426,1822.2964102820038,348.72831876318736
labeled-data,swept_sine_ready,img1203.png,86.84504532876917,433.0174298618464,1822.2964102820038,249.87983441881616
labeled-data,swept_sine_ready,img1210.png,82.7609034705595,397.42705081173347,1824.476891554306,286.9480160479554
labeled-data,swept_sine_ready,img1229.png,86.26159649188207,431.8505321880722,1821.5695831912362,248.4261802372813
labeled-data,swept_sine_ready,img1259.png,87.42849416565628,435.9346740462818,1822.2964102820038,246.245698964979
labeled-data,swept_sine_ready,img1273.png,78.67676161234985,280.7372834343143,1820.8427561004687,400.33304220767525
labeled-data,swept_sine_ready,img1285.png,86.26159649188207,433.0174298618464,1821.5695831912362,249.87983441881616
labeled-data,swept_sine_ready,img1289.png,79.84365928612402,339.08216712302385,1822.2964102820038,346.54783749088506
labeled-data,swept_sine_ready,img1313.png,78.67676161234985,351.3345926976529,1820.8427561004687,334.9186040386061
labeled-data,swept_sine_ready,img1322.png,79.84365928612402,281.90418110808844,1821.5695831912362,399.6062151169078
labeled-data,swept_sine_ready,img1330.png,88.01194300254338,442.936060088927,1818.6622748281666,239.70425514807206
labeled-data,swept_sine_ready,img1337.png,79.84365928612402,344.33320665500776,1823.7500644635386,339.2795665832107
labeled-data,swept_sine_ready,img1356.png,88.01194300254338,438.85191823071733,1820.8427561004687,243.33839060190925
labeled-data,swept_sine_ready,img1368.png,79.84365928612402,272.56899971789494,1820.1159290097014,407.60131311534957
labeled-data,swept_sine_ready,img1389.png,80.42710812301112,268.48485785968523,1819.3891019189339,411.9622756599542
labeled-data,swept_sine_ready,img1390.png,81.01055695989822,269.65175553345944,1820.1159290097014,410.50862147841934
labeled-data,swept_sine_ready,img1398.png,88.01194300254338,442.35261125203994,1820.8427561004687,238.2506009665372
labeled-data,swept_sine_ready,img1407.png,79.26021044923692,298.24074854092714,1823.023237372771,380.7087107569545
labeled-data,swept_sine_ready,img1409.png,79.26021044923692,271.98555088100784,1820.8427561004687,406.87448602458215
labeled-data,swept_sine_ready,img1411.png,79.84365928612402,265.5676136752498,1820.8427561004687,413.41592984148906
labeled-data,swept_sine_ready,img1438.png,78.67676161234985,349.58424618699166,1824.476891554306,335.64543112937355
labeled-data,swept_sine_ready,img1440.png,85.0946988181079,421.3484531241045,1821.5695831912362,262.96272205263
labeled-data,swept_sine_ready,img1446.png,85.67814765499497,429.5167368405238,1821.5695831912362,254.24079696342076
labeled-data,swept_sine_ready,img1463.png,89.17884067631758,444.6864065995883,1820.1159290097014,236.79694678500232
labeled-data,swept_sine_ready,img1474.png,81.01055695989822,266.734511349024,1819.3891019189339,412.68910275072164
labeled-data,swept_sine_ready,img1482.png,83.3443523074466,416.0974135921206,1819.3891019189339,270.9578200510718
labeled-data,swept_sine_ready,img1490.png,83.9278011443337,373.50564849936256,1821.5695831912362,310.2064829525133
labeled-data,swept_sine_ready,img1511.png,83.3443523074466,350.1676950238787,1820.8427561004687,333.46494985707125
labeled-data,swept_sine_ready,img1524.png,89.17884067631758,443.5195089258141,1821.5695831912362,241.15790932960695
labeled-data,swept_sine_ready,img1529.png,86.84504532876917,421.3484531241045,1820.1159290097014,261.5090678710951
labeled-data,swept_sine_ready,img1530.png,82.1774546336724,390.42566476908837,1822.2964102820038,288.4016702294902
labeled-data,swept_sine_ready,img1568.png,86.84504532876917,430.683634514298,1821.5695831912362,252.7871427818859
labeled-data,swept_sine_ready,img1577.png,79.84365928612402,271.98555088100784,1820.1159290097014,409.78179438765187
labeled-data,swept_sine_ready,img1580.png,79.84365928612402,350.7511438607658,1823.023237372771,335.64543112937355
labeled-data,swept_sine_ready,img1588.png,83.9278011443337,413.76361824457217,1821.5695831912362,273.8651284141415
labeled-data,swept_sine_ready,img1600.png,82.7609034705595,389.84221593220127,1823.023237372771,294.2162869556297
labeled-data,swept_sine_ready,img1647.png,79.84365928612402,288.90556715073365,1820.4891924423887,392.5300261180602
labeled-data,swept_sine_ready,img1648.png,79.26021044923696,271.9855508810079,1819.8823107982714,411.7792730443112
labeled-data,swept_sine_ready,img1655.png,81.01055695989824,369.421506641153,1820.5817806805544,315.2524292892873
labeled-data,swept_sine_ready,img1665.png,79.84365928612407,292.40626017205625,1820.5817806805544,388.6967669289794
labeled-data,swept_sine_ready,img1682.png,79.26021044923696,326.82974154839496,1821.98072044512,354.4227426971231
labeled-data,swept_sine_ready,img1686.png,81.01055695989824,256.8158811219434,1818.483371033706,422.27132127855293
labeled-data,swept_sine_ready,img1695.png,89.76228951320469,457.5222810111045,1819.1828409159887,225.72028435709132
labeled-data,swept_sine_ready,img1697.png,87.42849416565632,435.35122520939484,1819.8823107982714,247.40385070785754
labeled-data,swept_sine_ready,img1698.png,85.09469881810791,406.17878336504003,1820.5817806805544,276.78158576373437
labeled-data,swept_sine_ready,img1700.png,80.42710812301117,312.82696946310466,1822.6801903274027,371.9094897541927
labeled-data,swept_sine_ready,img1707.png,81.01055695989824,309.90972527866916,1821.98072044512,371.2100198719099
labeled-data,swept_sine_ready,img1715.png,85.67814765499502,426.5994926560884,1821.98072044512,258.59536882438204
labeled-data,swept_sine_ready,img1750.png,83.92780114433374,402.0946415068304,1822.6801903274027,283.0768147042794
labeled-data,swept_sine_ready,img1762.png,89.17884067631759,447.02020194713674,1821.2812505628372,239.01021212046416
labeled-data,swept_sine_ready,img1774.png,81.01055695989824,273.1524485547821,1820.5817806805544,407.5824537506145
labeled-data,swept_sine_ready,img1780.png,90.9291871869789,459.8560763586529,1819.1828409159887,224.32134459252575
labeled-data,swept_sine_ready,img1805.png,82.17745463367244,250.98139275307244,1818.483371033706,428.56655021909796
labeled-data,swept_sine_ready,img1839.png,82.76090347055954,260.90002298015304,1819.1828409159887,416.67556222029066
labeled-data,swept_sine_ready,img1842.png,82.76090347055954,366.50426245671747,1822.6801903274027,320.1487184652668
labeled-data,swept_sine_ready,img1874.png,81.59400579678534,378.17323919445937,1824.778599974251,306.1593208196112
labeled-data,swept_sine_ready,img1916.png,81.59400579678534,244.56345554731436,1817.0844312691404,432.76336951279467
labeled-data,swept_sine_ready,img1927.png,83.34435230744664,374.0890973362497,1824.0791300919682,309.6566702310251
labeled-data,swept_sine_ready,img1957.png,79.26021044923696,341.41596247057237,1824.0791300919682,339.73387516918467
labeled-data,swept_sine_ready,img1965.png,79.26021044923696,341.41596247057237,1823.3796602096854,339.0344052869019
labeled-data,swept_sine_ready,img1982.png,79.26021044923696,341.41596247057237,1824.0791300919682,339.73387516918467
labeled-data,swept_sine_ready,img2019.png,79.26021044923696,341.41596247057237,1824.0791300919682,339.73387516918467
labeled-data,swept_sine_ready,img2052.png,79.26021044923696,341.41596247057237,1824.0791300919682,339.73387516918467
labeled-data,swept_sine_ready,img2059.png,79.26021044923696,341.41596247057237,1824.0791300919682,339.73387516918467
labeled-data,swept_sine_ready,img2071.png,79.26021044923696,341.41596247057237,1824.0791300919682,339.73387516918467
labeled-data,swept_sine_ready,img2072.png,79.26021044923696,341.41596247057237,1824.0791300919682,339.73387516918467
labeled-data,swept_sine_ready,img2117.png,79.26021044923696,341.41596247057237,1824.0791300919682,339.73387516918467
labeled-data,swept_sine_ready,img2118.png,79.26021044923696,341.41596247057237,1824.0791300919682,339.73387516918467
labeled-data,swept_sine_ready,img2120.png,79.26021044923696,341.41596247057237,1824.0791300919682,339.73387516918467
labeled-data,swept_sine_ready,img2127.png,79.26021044923696,341.41596247057237,1824.0791300919682,339.73387516918467
